{"train9": 100541.15605942106, "train6": 112512.77520344606, "train3": 59185.1665999393, "train2": 54831.571190348324, "train10": 96603.59561277364, "train1": 69468.55174871947, "train7": 65927.7080513007, "train8": 68894.14485387996, "train4": 86193.81176556555, "train5": 77917.11993874758}