{"train9": 55259.941127973914, "train6": 67185.98579042216, "train3": 38013.11178215505, "train2": 35763.38302283398, "train10": 62710.434197626564, "train1": 41749.597257750625, "train7": 43222.89292077852, "train8": 30620.706651679982, "train4": 44125.02486815708, "train5": 52218.83068991484}